<?xml version="1.0" encoding="UTF-8"?>

<!DOCTYPE sqlMap
    PUBLIC "-//ibatis.apache.org//DTD SQL Map 2.0//EN"
    "http://ibatis.apache.org/dtd/sql-map-2.dtd">

<sqlMap namespace="query_out">

	<select id="SelectTable1" resultClass="java.util.HashMap">
	 	<![CDATA[
			SELECT USER_ID, USER_NM, GROUP_CODE, GRADE_CODE, USER_EMAIL
			FROM ADPROVISIONING..DRM_USER_VIEW
	 	]]>
	</select>

	<select id="SelectTable2" resultClass="java.util.HashMap">
	 	<![CDATA[
			SELECT GROUP_CODE, GROUP_NM, GROUP_PCODE
			FROM ADPROVISIONING..DRM_GROUP_VIEW
	 	]]>
	</select>

	<select id="SelectTable3" resultClass="java.util.HashMap">
	 	<![CDATA[
			SELECT GRADE_CODE, GRADE_NM
			FROM ADPROVISIONING..DRM_DUTY_VIEW
	 	]]>
	</select>

	<delete id="truncateTable1"   parameterClass="String"  >
	 <![CDATA[
           truncate table TFTDB.TempUser_Info;
          ]]>
    </delete>

	<delete id="truncateTable2"   parameterClass="String"  >
	 <![CDATA[
           truncate table TFTDB.TempGroup_Info;
          ]]>
    </delete>

	<delete id="truncateTable3"   parameterClass="String"  >
	 <![CDATA[
           truncate table TFTDB.TempDuty_Info;
          ]]>
    </delete>

	<insert id="InsertTable1" parameterClass="java.util.HashMap">
		INSERT INTO TFTDB.TempUser_Info (USER_ID, USER_NAME, GROUP_ID, DUTY_ID, MAIL_ADDRESS)
		VALUES (#USER_ID#, #USER_NM#, #GROUP_CODE#, #GRADE_CODE#, #USER_EMAIL#)
	</insert>

	 <insert id="InsertTable2" parameterClass="java.util.HashMap">
		INSERT INTO TFTDB.TempGroup_Info (Group_ID, Group_Name, ParentGroup_ID)
		VALUES (#GROUP_CODE#, #GROUP_NM#, #GROUP_PCODE#)
    </insert>

	<insert id="InsertTable3" parameterClass="java.util.HashMap">
		INSERT INTO TFTDB.TempDuty_Info (Duty_ID, Duty_Name)
		VALUES (#GRADE_CODE#, #GRADE_NM#)
    </insert>
	
    <procedure id="procecedure1" >
		{ call PROCEDURE_NAME () }
  	</procedure>

</sqlMap>
